{
  "project_info": {
    "project_number": "31028859616",
    "project_id": "vireya2-28b14",
    "storage_bucket": "vireya2-28b14.firebasestorage.app"
  },
  "client": [
    {
      "client_info": {
        "mobilesdk_app_id": "1:31028859616:android:bbfe0a2dbfeb02e63bb685",
        "android_client_info": {
          "package_name": "com.example.vireya"
        }
      },
      "oauth_client": [],
      "api_key": [
        {
          "current_key": "AIzaSyDXH42sctNjY7xQT5PoRJVmmYZxVM5PO8I"
        }
      ],
      "services": {
        "appinvite_service": {
          "other_platform_oauth_client": []
        }
      }
    }
  ],
  "configuration_version": "1"
}